{
  "accuracy": 97.9020979020979,
  "f1_weighted": 0.9790058497115808,
  "f1_macro": 0.9782122909776675,
  "per_class": {
    "glioma": {
      "precision": 0.99609375,
      "recall": 0.9622641509433962,
      "f1_score": 0.9788867562380039,
      "support": 265
    },
    "meningioma": {
      "precision": 0.9518518518518518,
      "recall": 0.9589552238805971,
      "f1_score": 0.9553903345724907,
      "support": 268
    },
    "notumor": {
      "precision": 0.9845679012345679,
      "recall": 1.0,
      "f1_score": 0.9922239502332815,
      "support": 319
    },
    "pituitary": {
      "precision": 0.9829931972789115,
      "recall": 0.9897260273972602,
      "f1_score": 0.9863481228668941,
      "support": 292
    }
  }
}